name,name_type
sales,role
info,role
enquiries,role
admin,role
mail,role
office,role
head,role
headteacher,role
reception,role
enquiry,role
marketing,role
post,role
contact,role
email,role
accounts,role
london,role
general,role
postmaster,role
enquires,role
design,role
support,role
mailbox,role
law,role
service,role
reservations,role
information,role
schooladmin,role
secretary,role
pr,role
enq,role
advice,role
webmaster,role
studio,role
bristol,role
headoffice,role
bookings,role
help,role
jobs,role
manager,role
property,role
helpdesk,role
clerks,role
bursar,role
recruit,role
manchester,role
enquries,role
postbox,role
contactus,role
administrator,role
editor,role
enquire,role
all,role
recruitment,role
insurance,role
md,role
hq,role
schooloffice,role
services,role
customerservice,role
birmingham,role
print,role
hire,role
headmaster,role
architects,role
admissions,role
events,role
it,role
solicitors,role
lawyers,role
uk,role
training,role
lettings,role
info.uk,role
director,role
adminoffice,role
production,role
business,role
contracts,role
finance,role
orders,role
news,role
solutions,role
customerservices,role
partners,role
hello,role
cardiff,role
leeds,role
school,role
team,role
ask,role
accountants,role
consult,role
operations,role
holidays,role
inquiries,role
hotel,role
edinburgh,role
editorial,role
commercial,role
nottingham,role
action,role
group,role
swindon,role
customer.services,role
hr,role
insure,role
norwich,role
care,role
shop,role
travel,role
feedback,role
uksales,role
legal,role
principal,role
engineers,role
traffic,role
mailroom,role
registrar,role
parts,role
ops,role
stay,role
advertising,role
sales.uk,role
glasgow,role
administration,role
conferences,role
clerk,role
central,role
personnel,role
aberdeen,role
hostmaster,role
liverpool,role
exeter,role
careers,role
properties,role
ukinfo,role
purchasing,role
agency,role
architect,role
bradford,role
conference,role
projects,role
salesuk,role
sale,role
main,role
oxford,role
systems,role
management,role
leicester,role
art,role
ideas,role
me,role
welcome,role
furniture,role
postroom,role
enqs,role
press,role
chambers,role
quality,role
export,role
connect,role
inquires,role
hull,role
dundee,role
inbox,role
plymouth,role
people,role
croydon,role
europe,role
online,role
midlands,role
staff,role
books,role
coventry,role
construction,role
e-mail,role
info-uk,role
graphics,role
theteam,role
library,role
invest,role
newcastle,role
technical,role
noemail,role
nomail,role
noemailadress,role
leisure,role
surveys,role
tech,role
edit,role
tourism,role
office.admin,role
rental,role
arts,role
details,role
trust,role
townhall,role
customercare,role
sales-uk,role
delivery,role
noemail,role
nomail,role
noemailadress,role
leisure,role
surveys,role
tech,role
edit,role
tourism,role
office.admin,role
rental,role
arts,role
details,role
trust,role
townhall,role
customercare,role
sales-uk,role
delivery,role
townclerk,role
kontakt,role
bicester,role
abingdon,role
commerciale,role
amministrazione,role
comercial,role
auctions,role
auction,role
web,role
technik,role
trade,role
trading,role
infos,role
occasion,role
helpline,role
chairman,role
surveying,role
planning,role
corporate,role
home,role
informatique,role
master,role
root,role
club,role
shipping,role
used,role
treasurer,role
security,role
sport,role
architecture,role
reservation,role
media,role
development,role
president,role
hiredesk,role
repairs,role
franchise,role
boss,role
technique,role
freight,role
equipment,role
membership,role
estate,role
hospitality,role
infodesk,role
general.enquiries,role
server,role
member,role
uk-info,role
bury,role
institute,role
analysis,role
informatica,role
vets,role
users,role
generalenquiries,role
schoolmail,role
admin.office,role
learning,role
producer,role
farmer,role
officeadmin,role
education,role
supervisor,role
schoolinfo,role
contact.us,role
school.office,role
webadmin,role
mainoffice,role
academy,role
frontdesk,role
euroinfo,role
procurement,role
salesinfo,role
academic.administrator,role
assistant,role
theoffice,role
genoffice,role
webmail,role
main.office,role
gen.enquiries,role
localdomain,role
jervis,ci
jenkins,ci
github, github
